iso_code,ISO2,continent,location,date,total_tests
ARG,AR,South America,Argentina,8/4/2020,13330
ARG,AR,South America,Argentina,9/4/2020,14850
ARG,AR,South America,Argentina,10/4/2020,16379
ARG,AR,South America,Argentina,11/4/2020,18027
ARG,AR,South America,Argentina,13/4/2020,19758
ARG,AR,South America,Argentina,14/4/2020,22805
ARG,AR,South America,Argentina,15/4/2020,24374
ARG,AR,South America,Argentina,16/4/2020,26457
ARG,AR,South America,Argentina,17/4/2020,28650
ARG,AR,South America,Argentina,18/4/2020,30942
ARG,AR,South America,Argentina,19/4/2020,32712
ARG,AR,South America,Argentina,20/4/2020,34568
ARG,AR,South America,Argentina,21/4/2020,36611
ARG,AR,South America,Argentina,22/4/2020,39228
ARG,AR,South America,Argentina,23/4/2020,41786
ARG,AR,South America,Argentina,24/4/2020,44654
ARG,AR,South America,Argentina,25/4/2020,47406
ARG,AR,South America,Argentina,26/4/2020,49905
ARG,AR,South America,Argentina,27/4/2020,51900
ARG,AR,South America,Argentina,28/4/2020,53600
ARG,AR,South America,Argentina,29/4/2020,56058
ARG,AR,South America,Argentina,30/4/2020,58685
ARG,AR,South America,Argentina,1/5/2020,61530
ARG,AR,South America,Argentina,2/5/2020,63866
ARG,AR,South America,Argentina,3/5/2020,65813
ARG,AR,South America,Argentina,4/5/2020,67920
ARG,AR,South America,Argentina,5/5/2020,69718
ARG,AR,South America,Argentina,6/5/2020,72315
ARG,AR,South America,Argentina,7/5/2020,75198
ARG,AR,South America,Argentina,8/5/2020,77901
ARG,AR,South America,Argentina,9/5/2020,80729
ARG,AR,South America,Argentina,10/5/2020,83018
ARG,AR,South America,Argentina,11/5/2020,85158
ARG,AR,South America,Argentina,12/5/2020,87547
ARG,AR,South America,Argentina,13/5/2020,90474
ARG,AR,South America,Argentina,14/5/2020,93673
ARG,AR,South America,Argentina,15/5/2020,96893
ARG,AR,South America,Argentina,16/5/2020,100362
ARG,AR,South America,Argentina,17/5/2020,103220
ARG,AR,South America,Argentina,18/5/2020,105829
ARG,AR,South America,Argentina,20/5/2020,112370
ARG,AR,South America,Argentina,22/5/2020,121278
ARG,AR,South America,Argentina,23/5/2020,125893
ARG,AR,South America,Argentina,24/5/2020,129418
ARG,AR,South America,Argentina,26/5/2020,136662
ARG,AR,South America,Argentina,27/5/2020,140218
ARG,AR,South America,Argentina,28/5/2020,145081
ARG,AR,South America,Argentina,29/5/2020,150486
ARG,AR,South America,Argentina,31/5/2020,160070
ARG,AR,South America,Argentina,1/6/2020,164084
ARG,AR,South America,Argentina,3/6/2020,172947
ARG,AR,South America,Argentina,4/6/2020,178448
ARG,AR,South America,Argentina,5/6/2020,183862
ARG,AR,South America,Argentina,6/6/2020,189278
ARG,AR,South America,Argentina,7/6/2020,193923
ARG,AR,South America,Argentina,8/6/2020,198520
ARG,AR,South America,Argentina,9/6/2020,203051
ARG,AR,South America,Argentina,10/6/2020,208519
ARG,AR,South America,Argentina,11/6/2020,214807
ARG,AR,South America,Argentina,12/6/2020,221305
ARG,AR,South America,Argentina,13/6/2020,228324
ARG,AR,South America,Argentina,14/6/2020,234370
ARG,AR,South America,Argentina,15/6/2020,239941
ARG,AR,South America,Argentina,16/6/2020,245059
ARG,AR,South America,Argentina,17/6/2020,250615
ARG,AR,South America,Argentina,19/6/2020,264604
BOL,BO,South America,Bolivia,14/3/2020,26
BOL,BO,South America,Bolivia,15/3/2020,33
BOL,BO,South America,Bolivia,16/3/2020,45
BOL,BO,South America,Bolivia,17/3/2020,50
BOL,BO,South America,Bolivia,18/3/2020,51
BOL,BO,South America,Bolivia,19/3/2020,84
BOL,BO,South America,Bolivia,20/3/2020,111
BOL,BO,South America,Bolivia,21/3/2020,139
BOL,BO,South America,Bolivia,22/3/2020,228
BOL,BO,South America,Bolivia,23/3/2020,273
BOL,BO,South America,Bolivia,24/3/2020,277
BOL,BO,South America,Bolivia,25/3/2020,334
BOL,BO,South America,Bolivia,26/3/2020,442
BOL,BO,South America,Bolivia,27/3/2020,516
BOL,BO,South America,Bolivia,28/3/2020,559
BOL,BO,South America,Bolivia,29/3/2020,574
BOL,BO,South America,Bolivia,30/3/2020,697
BOL,BO,South America,Bolivia,31/3/2020,779
BOL,BO,South America,Bolivia,1/4/2020,836
BOL,BO,South America,Bolivia,2/4/2020,985
BOL,BO,South America,Bolivia,3/4/2020,1118
BOL,BO,South America,Bolivia,4/4/2020,1136
BOL,BO,South America,Bolivia,5/4/2020,1441
BOL,BO,South America,Bolivia,6/4/2020,1549
BOL,BO,South America,Bolivia,7/4/2020,1681
BOL,BO,South America,Bolivia,8/4/2020,1875
BOL,BO,South America,Bolivia,9/4/2020,1997
BOL,BO,South America,Bolivia,10/4/2020,2185
BOL,BO,South America,Bolivia,11/4/2020,2356
BOL,BO,South America,Bolivia,12/4/2020,2528
BOL,BO,South America,Bolivia,13/4/2020,2693
BOL,BO,South America,Bolivia,14/4/2020,2919
BOL,BO,South America,Bolivia,15/4/2020,3230
BOL,BO,South America,Bolivia,16/4/2020,3419
BOL,BO,South America,Bolivia,17/4/2020,3573
BOL,BO,South America,Bolivia,18/4/2020,3923
BOL,BO,South America,Bolivia,19/4/2020,4135
BOL,BO,South America,Bolivia,20/4/2020,4298
BOL,BO,South America,Bolivia,21/4/2020,4420
BOL,BO,South America,Bolivia,22/4/2020,4855
BOL,BO,South America,Bolivia,23/4/2020,4995
BOL,BO,South America,Bolivia,24/4/2020,5297
BOL,BO,South America,Bolivia,25/4/2020,5572
BOL,BO,South America,Bolivia,26/4/2020,5791
BOL,BO,South America,Bolivia,27/4/2020,5988
BOL,BO,South America,Bolivia,28/4/2020,6121
BOL,BO,South America,Bolivia,29/4/2020,6409
BOL,BO,South America,Bolivia,30/4/2020,6551
BOL,BO,South America,Bolivia,1/5/2020,6975
BOL,BO,South America,Bolivia,2/5/2020,7651
BOL,BO,South America,Bolivia,3/5/2020,8080
BOL,BO,South America,Bolivia,4/5/2020,8611
BOL,BO,South America,Bolivia,5/5/2020,8995
BOL,BO,South America,Bolivia,6/5/2020,9156
BOL,BO,South America,Bolivia,7/5/2020,10099
BOL,BO,South America,Bolivia,8/5/2020,10651
BOL,BO,South America,Bolivia,10/5/2020,11671
BOL,BO,South America,Bolivia,11/5/2020,12553
BOL,BO,South America,Bolivia,12/5/2020,13080
BOL,BO,South America,Bolivia,13/5/2020,13605
BOL,BO,South America,Bolivia,14/5/2020,14159
BOL,BO,South America,Bolivia,15/5/2020,14803
BOL,BO,South America,Bolivia,16/5/2020,15656
BOL,BO,South America,Bolivia,17/5/2020,16404
BOL,BO,South America,Bolivia,18/5/2020,16781
BOL,BO,South America,Bolivia,19/5/2020,17560
BOL,BO,South America,Bolivia,20/5/2020,18566
BOL,BO,South America,Bolivia,21/5/2020,19289
BOL,BO,South America,Bolivia,22/5/2020,20096
BOL,BO,South America,Bolivia,23/5/2020,21205
BOL,BO,South America,Bolivia,24/5/2020,21994
BOL,BO,South America,Bolivia,25/5/2020,22773
BOL,BO,South America,Bolivia,26/5/2020,23639
BOL,BO,South America,Bolivia,27/5/2020,25065
BOL,BO,South America,Bolivia,28/5/2020,26190
BOL,BO,South America,Bolivia,29/5/2020,26965
BOL,BO,South America,Bolivia,30/5/2020,28239
BOL,BO,South America,Bolivia,31/5/2020,28957
BOL,BO,South America,Bolivia,1/6/2020,30040
BOL,BO,South America,Bolivia,2/6/2020,31186
BOL,BO,South America,Bolivia,3/6/2020,32486
BOL,BO,South America,Bolivia,4/6/2020,33946
BOL,BO,South America,Bolivia,5/6/2020,35250
BOL,BO,South America,Bolivia,6/6/2020,36530
BOL,BO,South America,Bolivia,7/6/2020,37276
BOL,BO,South America,Bolivia,8/6/2020,38092
BOL,BO,South America,Bolivia,9/6/2020,39610
BOL,BO,South America,Bolivia,10/6/2020,41035
BOL,BO,South America,Bolivia,11/6/2020,42741
BOL,BO,South America,Bolivia,12/6/2020,44515
BOL,BO,South America,Bolivia,13/6/2020,46069
BOL,BO,South America,Bolivia,14/6/2020,47372
BOL,BO,South America,Bolivia,15/6/2020,48756
BOL,BO,South America,Bolivia,16/6/2020,50114
BOL,BO,South America,Bolivia,17/6/2020,51336
BOL,BO,South America,Bolivia,18/6/2020,52756
BRA,BR,South America,Brazil,7/4/2020,62985
BRA,BR,South America,Brazil,20/4/2020,132467
BRA,BR,South America,Brazil,29/5/2020,485000
CHL,CL,South America,Chile,1/4/2020,38040
CHL,CL,South America,Chile,2/4/2020,40725
CHL,CL,South America,Chile,3/4/2020,44130
CHL,CL,South America,Chile,4/4/2020,48613
CHL,CL,South America,Chile,5/4/2020,51956
CHL,CL,South America,Chile,6/4/2020,54864
CHL,CL,South America,Chile,7/4/2020,57122
CHL,CL,South America,Chile,8/4/2020,60391
CHL,CL,South America,Chile,9/4/2020,68353
CHL,CL,South America,Chile,10/4/2020,72797
CHL,CL,South America,Chile,11/4/2020,76374
CHL,CL,South America,Chile,12/4/2020,82271
CHL,CL,South America,Chile,13/4/2020,85035
CHL,CL,South America,Chile,14/4/2020,87794
CHL,CL,South America,Chile,15/4/2020,91873
CHL,CL,South America,Chile,16/4/2020,98424
CHL,CL,South America,Chile,17/4/2020,103873
CHL,CL,South America,Chile,18/4/2020,108891
CHL,CL,South America,Chile,19/4/2020,113649
CHL,CL,South America,Chile,20/4/2020,118827
CHL,CL,South America,Chile,21/4/2020,122357
CHL,CL,South America,Chile,22/4/2020,128722
CHL,CL,South America,Chile,23/4/2020,135147
CHL,CL,South America,Chile,24/4/2020,142267
CHL,CL,South America,Chile,25/4/2020,149212
CHL,CL,South America,Chile,26/4/2020,155975
CHL,CL,South America,Chile,27/4/2020,161235
CHL,CL,South America,Chile,28/4/2020,166165
CHL,CL,South America,Chile,29/4/2020,172619
CHL,CL,South America,Chile,30/4/2020,180517
CHL,CL,South America,Chile,1/5/2020,189433
CHL,CL,South America,Chile,2/5/2020,199400
CHL,CL,South America,Chile,3/5/2020,206218
CHL,CL,South America,Chile,4/5/2020,214131
CHL,CL,South America,Chile,5/5/2020,222095
CHL,CL,South America,Chile,6/5/2020,232108
CHL,CL,South America,Chile,7/5/2020,244226
CHL,CL,South America,Chile,8/5/2020,255961
CHL,CL,South America,Chile,9/5/2020,267904
CHL,CL,South America,Chile,10/5/2020,280684
CHL,CL,South America,Chile,11/5/2020,294057
CHL,CL,South America,Chile,12/5/2020,303340
CHL,CL,South America,Chile,13/5/2020,313750
CHL,CL,South America,Chile,14/5/2020,325417
CHL,CL,South America,Chile,15/5/2020,341512
CHL,CL,South America,Chile,16/5/2020,350325
CHL,CL,South America,Chile,17/5/2020,363496
CHL,CL,South America,Chile,18/5/2020,381011
CHL,CL,South America,Chile,19/5/2020,397200
CHL,CL,South America,Chile,20/5/2020,409669
CHL,CL,South America,Chile,21/5/2020,426003
CHL,CL,South America,Chile,22/5/2020,442093
CHL,CL,South America,Chile,23/5/2020,457332
CHL,CL,South America,Chile,24/5/2020,471758
CHL,CL,South America,Chile,25/5/2020,488041
CHL,CL,South America,Chile,26/5/2020,501125
CHL,CL,South America,Chile,27/5/2020,514523
CHL,CL,South America,Chile,28/5/2020,530173
CHL,CL,South America,Chile,29/5/2020,546506
CHL,CL,South America,Chile,30/5/2020,563320
CHL,CL,South America,Chile,31/5/2020,582440
CHL,CL,South America,Chile,1/6/2020,599190
CHL,CL,South America,Chile,2/6/2020,612772
CHL,CL,South America,Chile,3/6/2020,628318
CHL,CL,South America,Chile,4/6/2020,646776
CHL,CL,South America,Chile,5/6/2020,668556
CHL,CL,South America,Chile,6/6/2020,687510
CHL,CL,South America,Chile,7/6/2020,708773
CHL,CL,South America,Chile,8/6/2020,728815
CHL,CL,South America,Chile,9/6/2020,746592
CHL,CL,South America,Chile,10/6/2020,761067
CHL,CL,South America,Chile,11/6/2020,781043
CHL,CL,South America,Chile,12/6/2020,799776
CHL,CL,South America,Chile,13/6/2020,819999
CHL,CL,South America,Chile,14/6/2020,840150
CHL,CL,South America,Chile,15/6/2020,858958
CHL,CL,South America,Chile,16/6/2020,873533
CHL,CL,South America,Chile,17/6/2020,886169
CHL,CL,South America,Chile,18/6/2020,903166
CHL,CL,South America,Chile,19/6/2020,923513
CHL,CL,South America,Chile,20/6/2020,943593
COL,CO,South America,Colombia,5/3/2020,636
COL,CO,South America,Colombia,6/3/2020,739
COL,CO,South America,Colombia,7/3/2020,810
COL,CO,South America,Colombia,8/3/2020,813
COL,CO,South America,Colombia,9/3/2020,851
COL,CO,South America,Colombia,10/3/2020,927
COL,CO,South America,Colombia,11/3/2020,1133
COL,CO,South America,Colombia,12/3/2020,1393
COL,CO,South America,Colombia,13/3/2020,1754
COL,CO,South America,Colombia,14/3/2020,2343
COL,CO,South America,Colombia,15/3/2020,3176
COL,CO,South America,Colombia,16/3/2020,3607
COL,CO,South America,Colombia,17/3/2020,3931
COL,CO,South America,Colombia,18/3/2020,4690
COL,CO,South America,Colombia,19/3/2020,5363
COL,CO,South America,Colombia,20/3/2020,5766
COL,CO,South America,Colombia,21/3/2020,6064
COL,CO,South America,Colombia,22/3/2020,6910
COL,CO,South America,Colombia,23/3/2020,7285
COL,CO,South America,Colombia,24/3/2020,8051
COL,CO,South America,Colombia,25/3/2020,8797
COL,CO,South America,Colombia,26/3/2020,9228
COL,CO,South America,Colombia,27/3/2020,9486
COL,CO,South America,Colombia,28/3/2020,10851
COL,CO,South America,Colombia,29/3/2020,12325
COL,CO,South America,Colombia,30/3/2020,13816
COL,CO,South America,Colombia,31/3/2020,17863
COL,CO,South America,Colombia,1/4/2020,20253
COL,CO,South America,Colombia,2/4/2020,21412
COL,CO,South America,Colombia,3/4/2020,22752
COL,CO,South America,Colombia,4/4/2020,23989
COL,CO,South America,Colombia,5/4/2020,25547
COL,CO,South America,Colombia,6/4/2020,27968
COL,CO,South America,Colombia,7/4/2020,30728
COL,CO,South America,Colombia,8/4/2020,33858
COL,CO,South America,Colombia,9/4/2020,35193
COL,CO,South America,Colombia,10/4/2020,37876
COL,CO,South America,Colombia,11/4/2020,40618
COL,CO,South America,Colombia,12/4/2020,41780
COL,CO,South America,Colombia,13/4/2020,43036
COL,CO,South America,Colombia,14/4/2020,45351
COL,CO,South America,Colombia,15/4/2020,48556
COL,CO,South America,Colombia,16/4/2020,52013
COL,CO,South America,Colombia,17/4/2020,55501
COL,CO,South America,Colombia,18/4/2020,58930
COL,CO,South America,Colombia,19/4/2020,62674
COL,CO,South America,Colombia,20/4/2020,65097
COL,CO,South America,Colombia,21/4/2020,68356
COL,CO,South America,Colombia,22/4/2020,71407
COL,CO,South America,Colombia,23/4/2020,74864
COL,CO,South America,Colombia,24/4/2020,77985
COL,CO,South America,Colombia,25/4/2020,81053
COL,CO,South America,Colombia,26/4/2020,87106
COL,CO,South America,Colombia,27/4/2020,90899
COL,CO,South America,Colombia,28/4/2020,95085
COL,CO,South America,Colombia,29/4/2020,100153
COL,CO,South America,Colombia,30/4/2020,104657
COL,CO,South America,Colombia,1/5/2020,108950
COL,CO,South America,Colombia,2/5/2020,114602
COL,CO,South America,Colombia,3/5/2020,118801
COL,CO,South America,Colombia,4/5/2020,123029
COL,CO,South America,Colombia,5/5/2020,127105
COL,CO,South America,Colombia,6/5/2020,131110
COL,CO,South America,Colombia,7/5/2020,135352
COL,CO,South America,Colombia,8/5/2020,139739
COL,CO,South America,Colombia,9/5/2020,144912
COL,CO,South America,Colombia,10/5/2020,151396
COL,CO,South America,Colombia,11/5/2020,158933
COL,CO,South America,Colombia,12/5/2020,165738
COL,CO,South America,Colombia,13/5/2020,171799
COL,CO,South America,Colombia,14/5/2020,177050
COL,CO,South America,Colombia,15/5/2020,183112
COL,CO,South America,Colombia,16/5/2020,190114
COL,CO,South America,Colombia,17/5/2020,196417
COL,CO,South America,Colombia,18/5/2020,201808
COL,CO,South America,Colombia,19/5/2020,208046
COL,CO,South America,Colombia,20/5/2020,214536
COL,CO,South America,Colombia,21/5/2020,222210
COL,CO,South America,Colombia,22/5/2020,235948
COL,CO,South America,Colombia,23/5/2020,243119
COL,CO,South America,Colombia,24/5/2020,252742
COL,CO,South America,Colombia,25/5/2020,260812
COL,CO,South America,Colombia,26/5/2020,271118
COL,CO,South America,Colombia,27/5/2020,283484
COL,CO,South America,Colombia,28/5/2020,295614
COL,CO,South America,Colombia,29/5/2020,306411
COL,CO,South America,Colombia,30/5/2020,319779
COL,CO,South America,Colombia,31/5/2020,331817
COL,CO,South America,Colombia,1/6/2020,341142
COL,CO,South America,Colombia,2/6/2020,350213
COL,CO,South America,Colombia,3/6/2020,362432
COL,CO,South America,Colombia,4/6/2020,374592
COL,CO,South America,Colombia,5/6/2020,386938
COL,CO,South America,Colombia,6/6/2020,399505
COL,CO,South America,Colombia,7/6/2020,410719
COL,CO,South America,Colombia,8/6/2020,421723
COL,CO,South America,Colombia,9/6/2020,432870
COL,CO,South America,Colombia,10/6/2020,444933
COL,CO,South America,Colombia,11/6/2020,458324
COL,CO,South America,Colombia,12/6/2020,470351
COL,CO,South America,Colombia,13/6/2020,482832
COL,CO,South America,Colombia,14/6/2020,495024
COL,CO,South America,Colombia,15/6/2020,507588
COL,CO,South America,Colombia,16/6/2020,519990
COL,CO,South America,Colombia,17/6/2020,535220
COL,CO,South America,Colombia,18/6/2020,550611
COL,CO,South America,Colombia,19/6/2020,568324
COL,CO,South America,Colombia,20/6/2020,585822
ECU,EC,South America,Ecuador,18/3/2020,480
ECU,EC,South America,Ecuador,19/3/2020,672
ECU,EC,South America,Ecuador,20/3/2020,959
ECU,EC,South America,Ecuador,21/3/2020,1181
ECU,EC,South America,Ecuador,22/3/2020,1661
ECU,EC,South America,Ecuador,23/3/2020,2072
ECU,EC,South America,Ecuador,24/3/2020,2307
ECU,EC,South America,Ecuador,25/3/2020,2598
ECU,EC,South America,Ecuador,26/3/2020,3125
ECU,EC,South America,Ecuador,27/3/2020,3568
ECU,EC,South America,Ecuador,28/3/2020,3935
ECU,EC,South America,Ecuador,29/3/2020,4123
ECU,EC,South America,Ecuador,30/3/2020,4219
ECU,EC,South America,Ecuador,31/3/2020,4828
ECU,EC,South America,Ecuador,1/4/2020,5591
ECU,EC,South America,Ecuador,2/4/2020,6302
ECU,EC,South America,Ecuador,3/4/2020,6656
ECU,EC,South America,Ecuador,4/4/2020,6834
ECU,EC,South America,Ecuador,5/4/2020,7249
ECU,EC,South America,Ecuador,6/4/2020,7590
ECU,EC,South America,Ecuador,7/4/2020,7951
ECU,EC,South America,Ecuador,8/4/2020,8658
ECU,EC,South America,Ecuador,9/4/2020,9639
ECU,EC,South America,Ecuador,10/4/2020,13657
ECU,EC,South America,Ecuador,11/4/2020,14201
ECU,EC,South America,Ecuador,12/4/2020,14584
ECU,EC,South America,Ecuador,13/4/2020,14826
ECU,EC,South America,Ecuador,14/4/2020,15098
ECU,EC,South America,Ecuador,15/4/2020,15614
ECU,EC,South America,Ecuador,16/4/2020,16137
ECU,EC,South America,Ecuador,17/4/2020,16525
ECU,EC,South America,Ecuador,18/4/2020,17513
ECU,EC,South America,Ecuador,19/4/2020,18433
ECU,EC,South America,Ecuador,20/4/2020,19860
ECU,EC,South America,Ecuador,21/4/2020,20480
ECU,EC,South America,Ecuador,22/4/2020,21607
ECU,EC,South America,Ecuador,23/4/2020,23383
ECU,EC,South America,Ecuador,27/4/2020,31134
ECU,EC,South America,Ecuador,28/4/2020,32460
ECU,EC,South America,Ecuador,29/4/2020,33684
ECU,EC,South America,Ecuador,30/4/2020,34347
ECU,EC,South America,Ecuador,1/5/2020,37061
ECU,EC,South America,Ecuador,2/5/2020,38924
ECU,EC,South America,Ecuador,3/5/2020,43727
ECU,EC,South America,Ecuador,4/5/2020,46260
ECU,EC,South America,Ecuador,6/5/2020,42870
ECU,EC,South America,Ecuador,7/5/2020,44373
ECU,EC,South America,Ecuador,8/5/2020,40630
ECU,EC,South America,Ecuador,9/5/2020,41501
ECU,EC,South America,Ecuador,10/5/2020,43315
ECU,EC,South America,Ecuador,11/5/2020,41938
ECU,EC,South America,Ecuador,12/5/2020,44188
ECU,EC,South America,Ecuador,13/5/2020,44285
ECU,EC,South America,Ecuador,14/5/2020,44349
ECU,EC,South America,Ecuador,15/5/2020,47881
ECU,EC,South America,Ecuador,16/5/2020,50020
ECU,EC,South America,Ecuador,17/5/2020,51395
ECU,EC,South America,Ecuador,18/5/2020,52712
ECU,EC,South America,Ecuador,19/5/2020,53813
ECU,EC,South America,Ecuador,20/5/2020,55384
ECU,EC,South America,Ecuador,21/5/2020,57126
ECU,EC,South America,Ecuador,22/5/2020,59535
ECU,EC,South America,Ecuador,23/5/2020,60696
ECU,EC,South America,Ecuador,24/5/2020,61927
ECU,EC,South America,Ecuador,25/5/2020,64195
ECU,EC,South America,Ecuador,26/5/2020,64777
ECU,EC,South America,Ecuador,27/5/2020,66360
ECU,EC,South America,Ecuador,28/5/2020,67139
ECU,EC,South America,Ecuador,29/5/2020,67718
ECU,EC,South America,Ecuador,30/5/2020,68231
ECU,EC,South America,Ecuador,31/5/2020,68988
ECU,EC,South America,Ecuador,1/6/2020,71422
ECU,EC,South America,Ecuador,2/6/2020,72769
ECU,EC,South America,Ecuador,3/6/2020,74728
ECU,EC,South America,Ecuador,4/6/2020,76143
ECU,EC,South America,Ecuador,5/6/2020,78279
ECU,EC,South America,Ecuador,6/6/2020,79123
ECU,EC,South America,Ecuador,7/6/2020,80376
ECU,EC,South America,Ecuador,8/6/2020,80796
ECU,EC,South America,Ecuador,9/6/2020,82279
ECU,EC,South America,Ecuador,10/6/2020,83400
ECU,EC,South America,Ecuador,11/6/2020,85592
ECU,EC,South America,Ecuador,12/6/2020,87561
ECU,EC,South America,Ecuador,13/6/2020,88946
ECU,EC,South America,Ecuador,14/6/2020,89842
ECU,EC,South America,Ecuador,15/6/2020,91101
ECU,EC,South America,Ecuador,16/6/2020,92964
ECU,EC,South America,Ecuador,17/6/2020,94226
ECU,EC,South America,Ecuador,18/6/2020,95696
ECU,EC,South America,Ecuador,19/6/2020,97575
PRY,PY,South America,Paraguay,7/3/2020,1
PRY,PY,South America,Paraguay,10/3/2020,9
PRY,PY,South America,Paraguay,11/3/2020,16
PRY,PY,South America,Paraguay,12/3/2020,22
PRY,PY,South America,Paraguay,13/3/2020,39
PRY,PY,South America,Paraguay,14/3/2020,54
PRY,PY,South America,Paraguay,15/3/2020,87
PRY,PY,South America,Paraguay,16/3/2020,114
PRY,PY,South America,Paraguay,17/3/2020,140
PRY,PY,South America,Paraguay,18/3/2020,164
PRY,PY,South America,Paraguay,19/3/2020,196
PRY,PY,South America,Paraguay,20/3/2020,240
PRY,PY,South America,Paraguay,21/3/2020,308
PRY,PY,South America,Paraguay,22/3/2020,345
PRY,PY,South America,Paraguay,23/3/2020,434
PRY,PY,South America,Paraguay,24/3/2020,525
PRY,PY,South America,Paraguay,25/3/2020,576
PRY,PY,South America,Paraguay,26/3/2020,654
PRY,PY,South America,Paraguay,27/3/2020,755
PRY,PY,South America,Paraguay,28/3/2020,815
PRY,PY,South America,Paraguay,29/3/2020,920
PRY,PY,South America,Paraguay,30/3/2020,988
PRY,PY,South America,Paraguay,31/3/2020,1078
PRY,PY,South America,Paraguay,1/4/2020,1173
PRY,PY,South America,Paraguay,2/4/2020,1289
PRY,PY,South America,Paraguay,3/4/2020,1454
PRY,PY,South America,Paraguay,4/4/2020,1646
PRY,PY,South America,Paraguay,5/4/2020,1846
PRY,PY,South America,Paraguay,6/4/2020,2008
PRY,PY,South America,Paraguay,7/4/2020,2220
PRY,PY,South America,Paraguay,8/4/2020,2462
PRY,PY,South America,Paraguay,9/4/2020,2685
PRY,PY,South America,Paraguay,10/4/2020,2905
PRY,PY,South America,Paraguay,11/4/2020,3135
PRY,PY,South America,Paraguay,12/4/2020,3394
PRY,PY,South America,Paraguay,13/4/2020,3642
PRY,PY,South America,Paraguay,14/4/2020,3888
PRY,PY,South America,Paraguay,15/4/2020,4267
PRY,PY,South America,Paraguay,16/4/2020,4612
PRY,PY,South America,Paraguay,17/4/2020,4950
PRY,PY,South America,Paraguay,18/4/2020,5254
PRY,PY,South America,Paraguay,19/4/2020,5501
PRY,PY,South America,Paraguay,20/4/2020,5878
PRY,PY,South America,Paraguay,21/4/2020,6292
PRY,PY,South America,Paraguay,22/4/2020,6598
PRY,PY,South America,Paraguay,23/4/2020,6917
PRY,PY,South America,Paraguay,24/4/2020,7322
PRY,PY,South America,Paraguay,25/4/2020,7630
PRY,PY,South America,Paraguay,26/4/2020,7925
PRY,PY,South America,Paraguay,27/4/2020,8444
PRY,PY,South America,Paraguay,28/4/2020,8891
PRY,PY,South America,Paraguay,29/4/2020,9454
PRY,PY,South America,Paraguay,30/4/2020,9903
PRY,PY,South America,Paraguay,1/5/2020,10342
PRY,PY,South America,Paraguay,2/5/2020,10766
PRY,PY,South America,Paraguay,3/5/2020,11106
PRY,PY,South America,Paraguay,4/5/2020,11455
PRY,PY,South America,Paraguay,5/5/2020,11913
PRY,PY,South America,Paraguay,6/5/2020,12497
PRY,PY,South America,Paraguay,7/5/2020,13096
PRY,PY,South America,Paraguay,8/5/2020,13846
PRY,PY,South America,Paraguay,9/5/2020,14646
PRY,PY,South America,Paraguay,10/5/2020,15446
PRY,PY,South America,Paraguay,11/5/2020,16155
PRY,PY,South America,Paraguay,12/5/2020,16917
PRY,PY,South America,Paraguay,13/5/2020,17589
PRY,PY,South America,Paraguay,14/5/2020,18184
PRY,PY,South America,Paraguay,15/5/2020,18856
PRY,PY,South America,Paraguay,16/5/2020,19308
PRY,PY,South America,Paraguay,17/5/2020,20124
PRY,PY,South America,Paraguay,18/5/2020,20429
PRY,PY,South America,Paraguay,19/5/2020,21121
PRY,PY,South America,Paraguay,20/5/2020,21542
PRY,PY,South America,Paraguay,21/5/2020,21987
PRY,PY,South America,Paraguay,22/5/2020,22868
PRY,PY,South America,Paraguay,23/5/2020,23805
PRY,PY,South America,Paraguay,24/5/2020,24812
PRY,PY,South America,Paraguay,25/5/2020,25216
PRY,PY,South America,Paraguay,26/5/2020,26169
PRY,PY,South America,Paraguay,27/5/2020,26760
PRY,PY,South America,Paraguay,28/5/2020,27425
PRY,PY,South America,Paraguay,29/5/2020,28337
PRY,PY,South America,Paraguay,30/5/2020,29153
PRY,PY,South America,Paraguay,31/5/2020,30004
PRY,PY,South America,Paraguay,1/6/2020,30834
PRY,PY,South America,Paraguay,2/6/2020,32106
PRY,PY,South America,Paraguay,3/6/2020,33081
PRY,PY,South America,Paraguay,4/6/2020,34240
PRY,PY,South America,Paraguay,5/6/2020,35258
PRY,PY,South America,Paraguay,6/6/2020,36373
PRY,PY,South America,Paraguay,7/6/2020,37532
PRY,PY,South America,Paraguay,8/6/2020,38942
PRY,PY,South America,Paraguay,9/6/2020,40032
PRY,PY,South America,Paraguay,10/6/2020,41702
PRY,PY,South America,Paraguay,11/6/2020,43292
PRY,PY,South America,Paraguay,12/6/2020,45132
PRY,PY,South America,Paraguay,13/6/2020,46608
PRY,PY,South America,Paraguay,14/6/2020,48081
PRY,PY,South America,Paraguay,15/6/2020,48729
PRY,PY,South America,Paraguay,16/6/2020,49978
PRY,PY,South America,Paraguay,17/6/2020,51178
PER,PE,South America,Peru,4/3/2020,107
PER,PE,South America,Peru,6/3/2020,155
PER,PE,South America,Peru,7/3/2020,219
PER,PE,South America,Peru,8/3/2020,250
PER,PE,South America,Peru,9/3/2020,318
PER,PE,South America,Peru,10/3/2020,346
PER,PE,South America,Peru,11/3/2020,656
PER,PE,South America,Peru,14/3/2020,1232
PER,PE,South America,Peru,15/3/2020,1822
PER,PE,South America,Peru,16/3/2020,2315
PER,PE,South America,Peru,17/3/2020,2797
PER,PE,South America,Peru,18/3/2020,3075
PER,PE,South America,Peru,19/3/2020,3841
PER,PE,South America,Peru,20/3/2020,4298
PER,PE,South America,Peru,21/3/2020,5185
PER,PE,South America,Peru,22/3/2020,6184
PER,PE,South America,Peru,23/3/2020,7013
PER,PE,South America,Peru,24/3/2020,7486
PER,PE,South America,Peru,25/3/2020,8040
PER,PE,South America,Peru,26/3/2020,9219
PER,PE,South America,Peru,27/3/2020,10065
PER,PE,South America,Peru,28/3/2020,10896
PER,PE,South America,Peru,29/3/2020,12669
PER,PE,South America,Peru,30/3/2020,13452
PER,PE,South America,Peru,31/3/2020,14463
PER,PE,South America,Peru,1/4/2020,15587
PER,PE,South America,Peru,2/4/2020,16518
PER,PE,South America,Peru,3/4/2020,17334
PER,PE,South America,Peru,4/4/2020,17841
PER,PE,South America,Peru,5/4/2020,19410
PER,PE,South America,Peru,6/4/2020,20414
PER,PE,South America,Peru,7/4/2020,21555
PER,PE,South America,Peru,8/4/2020,23255
PER,PE,South America,Peru,9/4/2020,24410
PER,PE,South America,Peru,10/4/2020,25643
PER,PE,South America,Peru,11/4/2020,27519
PER,PE,South America,Peru,12/4/2020,31234
PER,PE,South America,Peru,13/4/2020,32644
PER,PE,South America,Peru,14/4/2020,33366
PER,PE,South America,Peru,15/4/2020,34901
PER,PE,South America,Peru,16/4/2020,36090
PER,PE,South America,Peru,18/4/2020,38462
PER,PE,South America,Peru,19/4/2020,40028
PER,PE,South America,Peru,20/4/2020,41356
PER,PE,South America,Peru,21/4/2020,42748
PER,PE,South America,Peru,22/4/2020,44421
PER,PE,South America,Peru,23/4/2020,45715
PER,PE,South America,Peru,24/4/2020,47624
PER,PE,South America,Peru,25/4/2020,49546
PER,PE,South America,Peru,26/4/2020,51316
PER,PE,South America,Peru,28/4/2020,52672
PER,PE,South America,Peru,29/4/2020,54540
PER,PE,South America,Peru,30/4/2020,58118
PER,PE,South America,Peru,1/5/2020,60381
PER,PE,South America,Peru,3/5/2020,64178
PER,PE,South America,Peru,4/5/2020,65792
PER,PE,South America,Peru,5/5/2020,67563
PER,PE,South America,Peru,7/5/2020,72844
PER,PE,South America,Peru,8/5/2020,74902
PER,PE,South America,Peru,10/5/2020,79906
PER,PE,South America,Peru,11/5/2020,83676
PER,PE,South America,Peru,12/5/2020,85594
PER,PE,South America,Peru,13/5/2020,87791
PER,PE,South America,Peru,15/5/2020,92725
PER,PE,South America,Peru,16/5/2020,96747
PER,PE,South America,Peru,17/5/2020,100042
PER,PE,South America,Peru,18/5/2020,102839
PER,PE,South America,Peru,19/5/2020,105627
PER,PE,South America,Peru,20/5/2020,108481
PER,PE,South America,Peru,22/5/2020,112353
PER,PE,South America,Peru,23/5/2020,122749
PER,PE,South America,Peru,25/5/2020,123549
PER,PE,South America,Peru,26/5/2020,124891
PER,PE,South America,Peru,27/5/2020,127454
PER,PE,South America,Peru,28/5/2020,131057
PER,PE,South America,Peru,29/5/2020,133845
PER,PE,South America,Peru,30/5/2020,137563
PER,PE,South America,Peru,31/5/2020,140605
PER,PE,South America,Peru,1/6/2020,144167
PER,PE,South America,Peru,2/6/2020,145625
PER,PE,South America,Peru,3/6/2020,152228
PER,PE,South America,Peru,5/6/2020,153773
PER,PE,South America,Peru,6/6/2020,159169
PER,PE,South America,Peru,7/6/2020,163538
PER,PE,South America,Peru,9/6/2020,171719
PER,PE,South America,Peru,11/6/2020,175752
PER,PE,South America,Peru,12/6/2020,179364
PER,PE,South America,Peru,13/6/2020,183143
PER,PE,South America,Peru,14/6/2020,191072
PER,PE,South America,Peru,17/6/2020,198817
PER,PE,South America,Peru,18/6/2020,206423
PER,PE,South America,Peru,20/6/2020,211997
URY,UY,South America,Uruguay,28/3/2020,2926
URY,UY,South America,Uruguay,29/3/2020,3126
URY,UY,South America,Uruguay,30/3/2020,3425
URY,UY,South America,Uruguay,31/3/2020,3819
URY,UY,South America,Uruguay,1/4/2020,4108
URY,UY,South America,Uruguay,2/4/2020,4464
URY,UY,South America,Uruguay,3/4/2020,4786
URY,UY,South America,Uruguay,4/4/2020,5063
URY,UY,South America,Uruguay,5/4/2020,5208
URY,UY,South America,Uruguay,6/4/2020,5385
URY,UY,South America,Uruguay,7/4/2020,5727
URY,UY,South America,Uruguay,8/4/2020,6175
URY,UY,South America,Uruguay,9/4/2020,6856
URY,UY,South America,Uruguay,10/4/2020,7496
URY,UY,South America,Uruguay,11/4/2020,8114
URY,UY,South America,Uruguay,12/4/2020,8774
URY,UY,South America,Uruguay,13/4/2020,9236
URY,UY,South America,Uruguay,14/4/2020,9929
URY,UY,South America,Uruguay,15/4/2020,10448
URY,UY,South America,Uruguay,16/4/2020,11239
URY,UY,South America,Uruguay,17/4/2020,11749
URY,UY,South America,Uruguay,18/4/2020,12478
URY,UY,South America,Uruguay,19/4/2020,12826
URY,UY,South America,Uruguay,21/4/2020,13396
URY,UY,South America,Uruguay,22/4/2020,13923
URY,UY,South America,Uruguay,23/4/2020,14532
URY,UY,South America,Uruguay,24/4/2020,15142
URY,UY,South America,Uruguay,25/4/2020,15834
URY,UY,South America,Uruguay,26/4/2020,16496
URY,UY,South America,Uruguay,27/4/2020,17063
URY,UY,South America,Uruguay,28/4/2020,17505
URY,UY,South America,Uruguay,29/4/2020,18140
URY,UY,South America,Uruguay,30/4/2020,19016
URY,UY,South America,Uruguay,1/5/2020,19747
URY,UY,South America,Uruguay,2/5/2020,20554
URY,UY,South America,Uruguay,3/5/2020,21164
URY,UY,South America,Uruguay,4/5/2020,21939
URY,UY,South America,Uruguay,5/5/2020,22805
URY,UY,South America,Uruguay,6/5/2020,23811
URY,UY,South America,Uruguay,7/5/2020,24656
URY,UY,South America,Uruguay,8/5/2020,25698
URY,UY,South America,Uruguay,9/5/2020,26838
URY,UY,South America,Uruguay,10/5/2020,27461
URY,UY,South America,Uruguay,11/5/2020,28697
URY,UY,South America,Uruguay,13/5/2020,29500
URY,UY,South America,Uruguay,14/5/2020,30209
URY,UY,South America,Uruguay,15/5/2020,31209
URY,UY,South America,Uruguay,16/5/2020,32225
URY,UY,South America,Uruguay,17/5/2020,33036
URY,UY,South America,Uruguay,18/5/2020,33861
URY,UY,South America,Uruguay,19/5/2020,34384
URY,UY,South America,Uruguay,20/5/2020,34794
URY,UY,South America,Uruguay,22/5/2020,35537
URY,UY,South America,Uruguay,23/5/2020,37178
URY,UY,South America,Uruguay,25/5/2020,38146
URY,UY,South America,Uruguay,26/5/2020,38695
URY,UY,South America,Uruguay,27/5/2020,39469
URY,UY,South America,Uruguay,28/5/2020,40229
URY,UY,South America,Uruguay,29/5/2020,41469
URY,UY,South America,Uruguay,30/5/2020,42624
URY,UY,South America,Uruguay,31/5/2020,43479
URY,UY,South America,Uruguay,2/6/2020,44511
URY,UY,South America,Uruguay,3/6/2020,45226
URY,UY,South America,Uruguay,4/6/2020,45777
URY,UY,South America,Uruguay,5/6/2020,46512
URY,UY,South America,Uruguay,6/6/2020,47433
URY,UY,South America,Uruguay,7/6/2020,48029
URY,UY,South America,Uruguay,8/6/2020,48432
URY,UY,South America,Uruguay,9/6/2020,48896
URY,UY,South America,Uruguay,10/6/2020,49653
URY,UY,South America,Uruguay,11/6/2020,50473
URY,UY,South America,Uruguay,12/6/2020,51313
URY,UY,South America,Uruguay,13/6/2020,52078
URY,UY,South America,Uruguay,14/6/2020,52862
URY,UY,South America,Uruguay,15/6/2020,53265
URY,UY,South America,Uruguay,16/6/2020,53725
URY,UY,South America,Uruguay,17/6/2020,54486
